{
    "months":[
        {
            "name":"January",
            "days":30
        },
        {
            "name":"February",
            "days":28
        },
        {
            "name":"march",
            "days":31
        },
        {
            "name":"April",
            "days":30
        },
        {
            "name":"may",
            "days":31
        },
        {
            "name":"june",
            "days":30
        },
        {
            "name":"July",
            "days":31
        },
        {
            "name":"August",
            "days":31
        },
        {
            "name":"September",
            "days":30
        },
        {
            "name":"October",
            "days":31
        },
        {
            "name":"November",
            "days":30
        },
        {
            "name":"December",
            "days":31
        }


    ]
}